[
{
  "model": "auth.group",
  "pk": 1,
  "fields": {
    "name": "Модераторы",
    "permissions": [
      18,
      20,
      22,
      24
    ]
  }
},
{
  "model": "sessions.session",
  "pk": "r2lntvcipmg7xdvfe5q2d7govd2qdsa4",
  "fields": {
    "session_data": ".eJxVjEEOgjAQRe_StWkqM2XApXvP0MzQwaKmTSisjHcXEha6_e-9_zaB1yWFteocpmgu5mxOv5vw8NS8g_jgfC92KHmZJ7G7Yg9a7a1EfV0P9-8gcU1b3UnHCtG1XgBdQyQjovTgiZUYxUXwLTI4wr4R58nTKMRCtFlMaj5f0ak3dA:1u13j4:IocKfYAJumE2nUGiX12-bDDNixqtWSXoyxSK33lb5I4",
    "expire_date": "2025-04-19T13:38:22.912Z"
  }
},
{
  "model": "django_celery_beat.intervalschedule",
  "pk": 1,
  "fields": {
    "every": 1,
    "period": "days"
  }
},
{
  "model": "django_celery_beat.crontabschedule",
  "pk": 1,
  "fields": {
    "minute": "0",
    "hour": "4",
    "day_of_month": "*",
    "month_of_year": "*",
    "day_of_week": "*",
    "timezone": "Asia/Almaty"
  }
},
{
  "model": "django_celery_beat.periodictasks",
  "pk": 1,
  "fields": {
    "last_update": "2025-04-05T13:37:33.170Z"
  }
},
{
  "model": "django_celery_beat.periodictask",
  "pk": 1,
  "fields": {
    "name": "celery.backend_cleanup",
    "task": "celery.backend_cleanup",
    "interval": null,
    "crontab": 1,
    "solar": null,
    "clocked": null,
    "args": "[]",
    "kwargs": "{}",
    "queue": null,
    "exchange": null,
    "routing_key": null,
    "headers": "{}",
    "priority": null,
    "expires": null,
    "expire_seconds": 43200,
    "one_off": false,
    "start_time": null,
    "enabled": true,
    "last_run_at": null,
    "total_run_count": 0,
    "date_changed": "2025-04-04T16:51:15.168Z",
    "description": ""
  }
},
{
  "model": "django_celery_beat.periodictask",
  "pk": 2,
  "fields": {
    "name": "Block inactive users",
    "task": "users.tasks.block_user",
    "interval": 1,
    "crontab": null,
    "solar": null,
    "clocked": null,
    "args": "[]",
    "kwargs": "{}",
    "queue": null,
    "exchange": null,
    "routing_key": null,
    "headers": "{}",
    "priority": null,
    "expires": null,
    "expire_seconds": null,
    "one_off": false,
    "start_time": null,
    "enabled": true,
    "last_run_at": null,
    "total_run_count": 0,
    "date_changed": "2025-04-05T13:37:33.169Z",
    "description": ""
  }
},
{
  "model": "users.user",
  "pk": 1,
  "fields": {
    "password": "pbkdf2_sha256$1000000$oKL9dlv4kiMVotDS9BSDtK$JMnhYSN3R2N41+68rUgSLInGlCaolljUILA7DRpzPfA=",
    "last_login": "2025-04-05T13:38:22.909Z",
    "is_superuser": true,
    "first_name": "Stanislav",
    "last_name": "Mayatskiy",
    "is_staff": true,
    "is_active": true,
    "date_joined": "2025-03-13T09:08:45.555Z",
    "username": "stasm226",
    "email": "stasm226@gmail.com",
    "phone": null,
    "city": null,
    "avatar": "",
    "is_moderator": false,
    "groups": [],
    "user_permissions": []
  }
},
{
  "model": "users.user",
  "pk": 2,
  "fields": {
    "password": "pbkdf2_sha256$260000$abc123$hashedpassword1",
    "last_login": null,
    "is_superuser": false,
    "first_name": "Андрей",
    "last_name": "Девятов",
    "is_staff": false,
    "is_active": true,
    "date_joined": "2025-03-18T17:54:54.396Z",
    "username": "andrewdevyatov",
    "email": "andrew.devyatov@example.com",
    "phone": "+1234567890",
    "city": "Moscow",
    "avatar": "",
    "is_moderator": false,
    "groups": [],
    "user_permissions": []
  }
},
{
  "model": "users.user",
  "pk": 3,
  "fields": {
    "password": "pbkdf2_sha256$260000$xyz456$hashedpassword",
    "last_login": null,
    "is_superuser": false,
    "first_name": "Сергей",
    "last_name": "Шнуров",
    "is_staff": false,
    "is_active": true,
    "date_joined": "2025-03-18T17:54:54.402Z",
    "username": "sergeyshnuroff",
    "email": "sergey.shnurov@example.com",
    "phone": "+1987654321",
    "city": "Saint Petersburg",
    "avatar": "",
    "is_moderator": false,
    "groups": [],
    "user_permissions": []
  }
},
{
  "model": "users.user",
  "pk": 4,
  "fields": {
    "password": "pbkdf2_sha256$260000$def789$hashedpassword",
    "last_login": null,
    "is_superuser": false,
    "first_name": "Пелагея",
    "last_name": "Телегина",
    "is_staff": false,
    "is_active": true,
    "date_joined": "2025-03-18T17:54:54.402Z",
    "username": "pelageya",
    "email": "pelageya@example.com",
    "phone": "+7987654321",
    "city": "Novosibirsk",
    "avatar": "",
    "is_moderator": false,
    "groups": [],
    "user_permissions": []
  }
},
{
  "model": "users.user",
  "pk": 5,
  "fields": {
    "password": "pbkdf2_sha256$160011$def789$hashedpassword",
    "last_login": null,
    "is_superuser": false,
    "first_name": "Николай",
    "last_name": "Стариков",
    "is_staff": false,
    "is_active": true,
    "date_joined": "2025-03-18T17:54:54.403Z",
    "username": "nikolaystarikov",
    "email": "nikolay.starikov@example.com",
    "phone": "+7987654321",
    "city": "Moscow",
    "avatar": "",
    "is_moderator": false,
    "groups": [],
    "user_permissions": []
  }
},
{
  "model": "users.user",
  "pk": 6,
  "fields": {
    "password": "",
    "last_login": null,
    "is_superuser": false,
    "first_name": "Кит",
    "last_name": "Келлог",
    "is_staff": false,
    "is_active": true,
    "date_joined": "2025-03-24T17:54:54.403Z",
    "username": "keithkellog",
    "email": "keith.kellog@example.com",
    "phone": "+1234567890",
    "city": "Дейтон",
    "avatar": "",
    "is_moderator": false,
    "groups": [],
    "user_permissions": []
  }
},
{
  "model": "users.user",
  "pk": 7,
  "fields": {
    "password": "",
    "last_login": null,
    "is_superuser": false,
    "first_name": "Джей Ди",
    "last_name": "Вэнс",
    "is_staff": false,
    "is_active": true,
    "date_joined": "2025-03-24T17:54:54.403Z",
    "username": "jdvance",
    "email": "jd.vance@example.com",
    "phone": "+1234567890",
    "city": "Мидлтаун",
    "avatar": "",
    "is_moderator": false,
    "groups": [],
    "user_permissions": []
  }
},
{
  "model": "users.user",
  "pk": 8,
  "fields": {
    "password": "pbkdf2_sha256$870000$WB1CzrW98fsDDdOSJOAx4C$t3yTnjIsDQGsnQsCPu0v0Y23XoHXl3NWTinkiRXHwzk=",
    "last_login": null,
    "is_superuser": false,
    "first_name": "Дональд Альфред",
    "last_name": "Трамп",
    "is_staff": false,
    "is_active": true,
    "date_joined": "2025-03-23T08:05:11.124Z",
    "username": "donaldtrump",
    "email": "donald.trump@example.com",
    "phone": "+1234567890",
    "city": "Вашингтон",
    "avatar": "",
    "is_moderator": true,
    "groups": [
      1
    ],
    "user_permissions": []
  }
},
{
  "model": "users.user",
  "pk": 9,
  "fields": {
    "password": "pbkdf2_sha256$870000$L7K34QmtY1ov8EkEgiAkgk$iGeMJ1QlSVOtjOl1iNpfTVtP62f8IeJkjfqXFlWqrUo=",
    "last_login": null,
    "is_superuser": false,
    "first_name": "Николай",
    "last_name": "Панарин",
    "is_staff": false,
    "is_active": true,
    "date_joined": "2025-03-23T08:28:13.788Z",
    "username": "nikolaypanarin",
    "email": "nikolay.panarin@example.com",
    "phone": "+1234567890",
    "city": "Moscow",
    "avatar": "",
    "is_moderator": false,
    "groups": [],
    "user_permissions": []
  }
},
{
  "model": "users.user",
  "pk": 10,
  "fields": {
    "password": "pbkdf2_sha256$870000$QAiJtxrYPcsejQ7lcaz0pb$1p5/PE3GQ11igp2U+lU0H5a7IP1pBTCVLxSZaPvwGmE=",
    "last_login": null,
    "is_superuser": false,
    "first_name": "Ирина",
    "last_name": "Цыцорина",
    "is_staff": false,
    "is_active": true,
    "date_joined": "2025-03-23T09:16:16.619Z",
    "username": "irinatsy",
    "email": "irina.tsy@example.com",
    "phone": "+1234567890",
    "city": "Aqtobe",
    "avatar": "",
    "is_moderator": false,
    "groups": [],
    "user_permissions": []
  }
},
{
  "model": "users.user",
  "pk": 11,
  "fields": {
    "password": "pbkdf2_sha256$870000$Tms793o393gyTxkYR52UWF$qyLvUDTVI7CipaG6BsHqazmLucotn2ksVYk/8RSnkec=",
    "last_login": null,
    "is_superuser": false,
    "first_name": "Владимир",
    "last_name": "Путин",
    "is_staff": false,
    "is_active": true,
    "date_joined": "2025-03-23T12:42:18.721Z",
    "username": "vladimirputin",
    "email": "vladimir.putin@example.com",
    "phone": "+8-800-200-40-40",
    "city": "Moscow-Kremlin",
    "avatar": "",
    "is_moderator": true,
    "groups": [
      1
    ],
    "user_permissions": []
  }
},
{
  "model": "users.payment",
  "pk": 1,
  "fields": {
    "user": 7,
    "date": "2025-03-15T10:30:00Z",
    "course": 1,
    "lesson": null,
    "amount": "4999.99",
    "payment_method": "transfer",
    "session_id": null,
    "link": null,
    "status": "pending"
  }
},
{
  "model": "users.payment",
  "pk": 2,
  "fields": {
    "user": 2,
    "date": "2025-03-14T15:20:00Z",
    "course": null,
    "lesson": 3,
    "amount": "999.99",
    "payment_method": "cash",
    "session_id": null,
    "link": null,
    "status": "pending"
  }
},
{
  "model": "users.payment",
  "pk": 3,
  "fields": {
    "user": 3,
    "date": "2025-03-13T09:00:00Z",
    "course": 2,
    "lesson": null,
    "amount": "6999.99",
    "payment_method": "transfer",
    "session_id": null,
    "link": null,
    "status": "pending"
  }
},
{
  "model": "users.payment",
  "pk": 4,
  "fields": {
    "user": 4,
    "date": "2025-03-12T18:45:00Z",
    "course": null,
    "lesson": 1,
    "amount": "1499.99",
    "payment_method": "cash",
    "session_id": null,
    "link": null,
    "status": "pending"
  }
},
{
  "model": "users.payment",
  "pk": 5,
  "fields": {
    "user": 5,
    "date": "2025-03-11T14:10:00Z",
    "course": 3,
    "lesson": null,
    "amount": "3999.99",
    "payment_method": "transfer",
    "session_id": null,
    "link": null,
    "status": "pending"
  }
},
{
  "model": "users.payment",
  "pk": 6,
  "fields": {
    "user": 1,
    "date": "2025-04-15T10:30:00Z",
    "course": 1,
    "lesson": null,
    "amount": "4999.99",
    "payment_method": "transfer",
    "session_id": null,
    "link": null,
    "status": "pending"
  }
},
{
  "model": "users.payment",
  "pk": 7,
  "fields": {
    "user": 4,
    "date": "2025-04-12T18:45:00Z",
    "course": null,
    "lesson": 2,
    "amount": "1499.99",
    "payment_method": "cash",
    "session_id": null,
    "link": null,
    "status": "pending"
  }
},
{
  "model": "users.payment",
  "pk": 8,
  "fields": {
    "user": 4,
    "date": "2025-05-12T18:45:00Z",
    "course": null,
    "lesson": 3,
    "amount": "1499.99",
    "payment_method": "cash",
    "session_id": null,
    "link": null,
    "status": "pending"
  }
},
{
  "model": "users.payment",
  "pk": 9,
  "fields": {
    "user": 2,
    "date": "2025-04-14T15:20:00Z",
    "course": null,
    "lesson": 5,
    "amount": "999.99",
    "payment_method": "cash",
    "session_id": null,
    "link": null,
    "status": "pending"
  }
},
{
  "model": "users.payment",
  "pk": 10,
  "fields": {
    "user": 3,
    "date": "2025-05-13T09:00:00Z",
    "course": 2,
    "lesson": null,
    "amount": "6999.99",
    "payment_method": "transfer",
    "session_id": null,
    "link": null,
    "status": "pending"
  }
},
{
  "model": "users.payment",
  "pk": 11,
  "fields": {
    "user": 1,
    "date": "2025-04-01T17:11:26.814Z",
    "course": null,
    "lesson": null,
    "amount": "50000.00",
    "payment_method": "transfer",
    "session_id": null,
    "link": null,
    "status": "pending"
  }
},
{
  "model": "users.payment",
  "pk": 12,
  "fields": {
    "user": 1,
    "date": "2025-04-01T17:13:41.186Z",
    "course": null,
    "lesson": null,
    "amount": "50000.00",
    "payment_method": "transfer",
    "session_id": null,
    "link": null,
    "status": "pending"
  }
},
{
  "model": "users.payment",
  "pk": 13,
  "fields": {
    "user": 1,
    "date": "2025-04-01T17:17:20.640Z",
    "course": null,
    "lesson": null,
    "amount": "50000.00",
    "payment_method": "transfer",
    "session_id": null,
    "link": null,
    "status": "pending"
  }
},
{
  "model": "users.payment",
  "pk": 14,
  "fields": {
    "user": 1,
    "date": "2025-04-01T17:22:42.620Z",
    "course": null,
    "lesson": null,
    "amount": "50000.00",
    "payment_method": "transfer",
    "session_id": null,
    "link": null,
    "status": "pending"
  }
},
{
  "model": "users.payment",
  "pk": 15,
  "fields": {
    "user": 1,
    "date": "2025-04-01T17:25:20.353Z",
    "course": null,
    "lesson": null,
    "amount": "50000.00",
    "payment_method": "transfer",
    "session_id": null,
    "link": null,
    "status": "pending"
  }
},
{
  "model": "users.payment",
  "pk": 16,
  "fields": {
    "user": 1,
    "date": "2025-04-01T17:31:11.684Z",
    "course": null,
    "lesson": null,
    "amount": "50000.00",
    "payment_method": "transfer",
    "session_id": null,
    "link": null,
    "status": "pending"
  }
},
{
  "model": "users.payment",
  "pk": 17,
  "fields": {
    "user": 1,
    "date": "2025-04-01T17:35:13.602Z",
    "course": null,
    "lesson": null,
    "amount": "50000.00",
    "payment_method": "transfer",
    "session_id": null,
    "link": null,
    "status": "pending"
  }
},
{
  "model": "users.payment",
  "pk": 18,
  "fields": {
    "user": 1,
    "date": "2025-04-01T17:39:20.604Z",
    "course": null,
    "lesson": null,
    "amount": "50000.00",
    "payment_method": "transfer",
    "session_id": null,
    "link": null,
    "status": "pending"
  }
},
{
  "model": "users.payment",
  "pk": 19,
  "fields": {
    "user": 1,
    "date": "2025-04-01T17:40:53.725Z",
    "course": null,
    "lesson": null,
    "amount": "50000.00",
    "payment_method": "transfer",
    "session_id": null,
    "link": null,
    "status": "pending"
  }
},
{
  "model": "users.payment",
  "pk": 20,
  "fields": {
    "user": 1,
    "date": "2025-04-01T17:43:33.785Z",
    "course": null,
    "lesson": null,
    "amount": "50000.00",
    "payment_method": "transfer",
    "session_id": null,
    "link": null,
    "status": "pending"
  }
},
{
  "model": "users.payment",
  "pk": 21,
  "fields": {
    "user": 1,
    "date": "2025-04-02T10:44:30.639Z",
    "course": null,
    "lesson": null,
    "amount": "50000.00",
    "payment_method": "transfer",
    "session_id": null,
    "link": null,
    "status": "pending"
  }
},
{
  "model": "users.payment",
  "pk": 22,
  "fields": {
    "user": 1,
    "date": "2025-04-02T10:48:16.162Z",
    "course": null,
    "lesson": null,
    "amount": "50000.00",
    "payment_method": "transfer",
    "session_id": null,
    "link": null,
    "status": "pending"
  }
},
{
  "model": "users.payment",
  "pk": 23,
  "fields": {
    "user": 1,
    "date": "2025-04-02T10:49:21.807Z",
    "course": null,
    "lesson": null,
    "amount": "50000.00",
    "payment_method": "transfer",
    "session_id": null,
    "link": null,
    "status": "pending"
  }
},
{
  "model": "users.payment",
  "pk": 24,
  "fields": {
    "user": 1,
    "date": "2025-04-02T10:52:58.887Z",
    "course": null,
    "lesson": null,
    "amount": "50000.00",
    "payment_method": "transfer",
    "session_id": null,
    "link": null,
    "status": "pending"
  }
},
{
  "model": "users.payment",
  "pk": 25,
  "fields": {
    "user": 1,
    "date": "2025-04-02T10:53:37.089Z",
    "course": null,
    "lesson": null,
    "amount": "50000.00",
    "payment_method": "transfer",
    "session_id": null,
    "link": null,
    "status": "pending"
  }
},
{
  "model": "users.payment",
  "pk": 26,
  "fields": {
    "user": 1,
    "date": "2025-04-02T10:55:57.367Z",
    "course": null,
    "lesson": null,
    "amount": "50000.00",
    "payment_method": "transfer",
    "session_id": null,
    "link": null,
    "status": "pending"
  }
},
{
  "model": "users.payment",
  "pk": 27,
  "fields": {
    "user": 1,
    "date": "2025-04-02T12:56:26.044Z",
    "course": null,
    "lesson": null,
    "amount": "50000.00",
    "payment_method": "transfer",
    "session_id": null,
    "link": null,
    "status": "pending"
  }
},
{
  "model": "users.payment",
  "pk": 28,
  "fields": {
    "user": 1,
    "date": "2025-04-02T12:57:58.284Z",
    "course": null,
    "lesson": null,
    "amount": "50000.00",
    "payment_method": "transfer",
    "session_id": null,
    "link": null,
    "status": "pending"
  }
},
{
  "model": "users.payment",
  "pk": 29,
  "fields": {
    "user": 1,
    "date": "2025-04-02T13:05:47.111Z",
    "course": null,
    "lesson": null,
    "amount": "50000.00",
    "payment_method": "transfer",
    "session_id": null,
    "link": null,
    "status": "pending"
  }
},
{
  "model": "users.payment",
  "pk": 30,
  "fields": {
    "user": 1,
    "date": "2025-04-02T13:06:37.533Z",
    "course": null,
    "lesson": null,
    "amount": "50000.00",
    "payment_method": "transfer",
    "session_id": null,
    "link": null,
    "status": "pending"
  }
},
{
  "model": "users.payment",
  "pk": 31,
  "fields": {
    "user": 1,
    "date": "2025-04-02T13:07:31.292Z",
    "course": null,
    "lesson": null,
    "amount": "50000.00",
    "payment_method": "transfer",
    "session_id": null,
    "link": null,
    "status": "pending"
  }
},
{
  "model": "users.payment",
  "pk": 32,
  "fields": {
    "user": 1,
    "date": "2025-04-02T13:07:50.538Z",
    "course": null,
    "lesson": null,
    "amount": "50000.00",
    "payment_method": "transfer",
    "session_id": null,
    "link": null,
    "status": "pending"
  }
},
{
  "model": "users.payment",
  "pk": 33,
  "fields": {
    "user": 1,
    "date": "2025-04-02T13:12:10.492Z",
    "course": null,
    "lesson": null,
    "amount": "50000.00",
    "payment_method": "transfer",
    "session_id": null,
    "link": null,
    "status": "pending"
  }
},
{
  "model": "users.payment",
  "pk": 34,
  "fields": {
    "user": 1,
    "date": "2025-04-02T13:23:26.941Z",
    "course": null,
    "lesson": null,
    "amount": "50000.00",
    "payment_method": "transfer",
    "session_id": null,
    "link": null,
    "status": "pending"
  }
},
{
  "model": "users.payment",
  "pk": 35,
  "fields": {
    "user": 1,
    "date": "2025-04-02T13:33:25.829Z",
    "course": null,
    "lesson": null,
    "amount": "50000.00",
    "payment_method": "transfer",
    "session_id": null,
    "link": null,
    "status": "pending"
  }
},
{
  "model": "users.payment",
  "pk": 36,
  "fields": {
    "user": 1,
    "date": "2025-04-02T13:34:32.411Z",
    "course": null,
    "lesson": null,
    "amount": "50000.00",
    "payment_method": "transfer",
    "session_id": null,
    "link": null,
    "status": "pending"
  }
},
{
  "model": "users.payment",
  "pk": 37,
  "fields": {
    "user": 1,
    "date": "2025-04-02T13:37:14.465Z",
    "course": null,
    "lesson": null,
    "amount": "50000.00",
    "payment_method": "transfer",
    "session_id": null,
    "link": null,
    "status": "pending"
  }
},
{
  "model": "users.payment",
  "pk": 38,
  "fields": {
    "user": 1,
    "date": "2025-04-02T13:43:42.967Z",
    "course": null,
    "lesson": null,
    "amount": "50000.00",
    "payment_method": "transfer",
    "session_id": null,
    "link": null,
    "status": "pending"
  }
},
{
  "model": "users.payment",
  "pk": 39,
  "fields": {
    "user": 1,
    "date": "2025-04-02T13:54:37.410Z",
    "course": null,
    "lesson": null,
    "amount": "50000.00",
    "payment_method": "transfer",
    "session_id": null,
    "link": null,
    "status": "pending"
  }
},
{
  "model": "users.payment",
  "pk": 40,
  "fields": {
    "user": 1,
    "date": "2025-04-02T14:16:27.855Z",
    "course": null,
    "lesson": null,
    "amount": "50000.00",
    "payment_method": "transfer",
    "session_id": null,
    "link": null,
    "status": "pending"
  }
},
{
  "model": "users.payment",
  "pk": 41,
  "fields": {
    "user": 1,
    "date": "2025-04-02T14:18:51.499Z",
    "course": null,
    "lesson": null,
    "amount": "50000.00",
    "payment_method": "transfer",
    "session_id": null,
    "link": null,
    "status": "pending"
  }
},
{
  "model": "users.payment",
  "pk": 42,
  "fields": {
    "user": 1,
    "date": "2025-04-02T14:20:20.105Z",
    "course": null,
    "lesson": null,
    "amount": "50000.00",
    "payment_method": "transfer",
    "session_id": null,
    "link": null,
    "status": "pending"
  }
},
{
  "model": "users.payment",
  "pk": 43,
  "fields": {
    "user": 1,
    "date": "2025-04-02T14:20:47.895Z",
    "course": null,
    "lesson": null,
    "amount": "50000.00",
    "payment_method": "transfer",
    "session_id": "cs_test_a1RVm7zR28dj4BNS0bKsP9YiWkXjvPNgGluraao00JRtwC08Sdi97Xsr15",
    "link": "https://checkout.stripe.com/c/pay/cs_test_a1RVm7zR28dj4BNS0bKsP9YiWkXjvPNgGluraao00JRtwC08Sdi97Xsr15#fidkdWxOYHwnPyd1blpxYHZxWjA0Vz1ybG9UX1NrRGNOS3U2YUBwdjBhMXd1SWx9aEFSUjJwalN3M3JRfHxpaXNnY1ZHTUFsa0dXQUQ9aWF1T2N9Vn9pMH9UTUZxVERoTFxSVXdyZkhzNzJoNTVRVDxAZ05fUycpJ2N3amhWYHdzYHcnP3F3cGApJ2lkfGpwcVF8dWAnPyd2bGtiaWBabHFgaCcpJ2BrZGdpYFVpZGZgbWppYWB3dic%2FcXdwYHgl",
    "status": "pending"
  }
},
{
  "model": "users.payment",
  "pk": 44,
  "fields": {
    "user": 1,
    "date": "2025-04-02T14:22:27.033Z",
    "course": null,
    "lesson": null,
    "amount": "50000.00",
    "payment_method": "transfer",
    "session_id": "cs_test_a1N7GbXnL1ji9frkF8EQI8YLIjv00iNGVYGMVwNnCBzPQoC1h2ESO8ySQh",
    "link": "https://checkout.stripe.com/c/pay/cs_test_a1N7GbXnL1ji9frkF8EQI8YLIjv00iNGVYGMVwNnCBzPQoC1h2ESO8ySQh#fidkdWxOYHwnPyd1blpxYHZxWjA0Vz1ybG9UX1NrRGNOS3U2YUBwdjBhMXd1SWx9aEFSUjJwalN3M3JRfHxpaXNnY1ZHTUFsa0dXQUQ9aWF1T2N9Vn9pMH9UTUZxVERoTFxSVXdyZkhzNzJoNTVRVDxAZ05fUycpJ2N3amhWYHdzYHcnP3F3cGApJ2lkfGpwcVF8dWAnPyd2bGtiaWBabHFgaCcpJ2BrZGdpYFVpZGZgbWppYWB3dic%2FcXdwYHgl",
    "status": "pending"
  }
},
{
  "model": "users.payment",
  "pk": 45,
  "fields": {
    "user": 1,
    "date": "2025-04-02T14:22:53.941Z",
    "course": 1,
    "lesson": null,
    "amount": "50000.00",
    "payment_method": "transfer",
    "session_id": "cs_test_a1aTzM37ZCo2rUbtFSuFKl2FXWESW12pQUg77pcHWrDf8jlyEAdjs5JUL5",
    "link": "https://checkout.stripe.com/c/pay/cs_test_a1aTzM37ZCo2rUbtFSuFKl2FXWESW12pQUg77pcHWrDf8jlyEAdjs5JUL5#fidkdWxOYHwnPyd1blpxYHZxWjA0Vz1ybG9UX1NrRGNOS3U2YUBwdjBhMXd1SWx9aEFSUjJwalN3M3JRfHxpaXNnY1ZHTUFsa0dXQUQ9aWF1T2N9Vn9pMH9UTUZxVERoTFxSVXdyZkhzNzJoNTVRVDxAZ05fUycpJ2N3amhWYHdzYHcnP3F3cGApJ2lkfGpwcVF8dWAnPyd2bGtiaWBabHFgaCcpJ2BrZGdpYFVpZGZgbWppYWB3dic%2FcXdwYHgl",
    "status": "paid"
  }
},
{
  "model": "users.subscription",
  "pk": 1,
  "fields": {
    "user": 2,
    "course": 1
  }
},
{
  "model": "users.subscription",
  "pk": 2,
  "fields": {
    "user": 3,
    "course": 2
  }
},
{
  "model": "users.subscription",
  "pk": 3,
  "fields": {
    "user": 4,
    "course": 3
  }
},
{
  "model": "users.subscription",
  "pk": 4,
  "fields": {
    "user": 5,
    "course": 4
  }
},
{
  "model": "users.subscription",
  "pk": 5,
  "fields": {
    "user": 1,
    "course": 1
  }
},
{
  "model": "materials.course",
  "pk": 1,
  "fields": {
    "name": "Python для начинающих",
    "description": "Основы языка Python.",
    "image": "courses/python_basics.jpg",
    "owner": 2,
    "updated_at": "2025-04-05T11:26:44.973Z"
  }
},
{
  "model": "materials.course",
  "pk": 2,
  "fields": {
    "name": "Django с нуля",
    "description": "Создание веб-приложений на Django. Лучший курс по мнению экспертов.",
    "image": "courses/django_basics.jpg",
    "owner": 1,
    "updated_at": "2025-04-05T11:26:44.973Z"
  }
},
{
  "model": "materials.course",
  "pk": 3,
  "fields": {
    "name": "SQL для начинающих",
    "description": "Основы работы с базами данных.",
    "image": "courses/sql_basics.jpg",
    "owner": 1,
    "updated_at": "2025-04-05T11:26:44.973Z"
  }
},
{
  "model": "materials.course",
  "pk": 4,
  "fields": {
    "name": "Алгоритмы и структуры данных",
    "description": "Разбор алгоритмов и структур данных.",
    "image": "courses/algorithms.jpg",
    "owner": 3,
    "updated_at": "2025-04-05T11:26:44.973Z"
  }
},
{
  "model": "materials.course",
  "pk": 5,
  "fields": {
    "name": "Основы веб-разработки",
    "description": "Введение в HTML, CSS и JavaScript.",
    "image": "courses/web_basics.jpg",
    "owner": 4,
    "updated_at": "2025-04-05T11:26:44.973Z"
  }
},
{
  "model": "materials.course",
  "pk": 8,
  "fields": {
    "name": "Новый курс",
    "description": "Описание нового курса",
    "image": "",
    "owner": 1,
    "updated_at": "2025-04-05T11:26:44.973Z"
  }
},
{
  "model": "materials.course",
  "pk": 9,
  "fields": {
    "name": "Новый курс 2",
    "description": "Описание нового курса 2",
    "image": "",
    "owner": 1,
    "updated_at": "2025-04-05T11:26:44.973Z"
  }
},
{
  "model": "materials.course",
  "pk": 10,
  "fields": {
    "name": "Новый курс 3",
    "description": "Описание нового курса 3",
    "image": "",
    "owner": 1,
    "updated_at": "2025-04-05T11:26:44.973Z"
  }
},
{
  "model": "materials.course",
  "pk": 11,
  "fields": {
    "name": "Новый курс 4",
    "description": "Описание нового курса 4 с примерами",
    "image": "",
    "owner": 1,
    "updated_at": "2025-04-05T11:26:44.973Z"
  }
},
{
  "model": "materials.course",
  "pk": 12,
  "fields": {
    "name": "Новый курс 5-1",
    "description": "Новое описание курса 5",
    "image": "",
    "owner": null,
    "updated_at": "2025-04-05T11:26:44.973Z"
  }
},
{
  "model": "materials.course",
  "pk": 15,
  "fields": {
    "name": "Из жизни единорогов",
    "description": "Описание жизни розовых единорогов и как их увидеть!",
    "image": "",
    "owner": 10,
    "updated_at": "2025-04-05T11:26:44.973Z"
  }
},
{
  "model": "materials.course",
  "pk": 16,
  "fields": {
    "name": "Test course",
    "description": "Test course description.",
    "image": "",
    "owner": 1,
    "updated_at": "2025-04-05T11:26:44.973Z"
  }
},
{
  "model": "materials.course",
  "pk": 17,
  "fields": {
    "name": "Test course 2",
    "description": "https://www.youtube.com/watch?v=dQw4w9WgXcQ",
    "image": "",
    "owner": 1,
    "updated_at": "2025-04-05T11:26:44.973Z"
  }
},
{
  "model": "materials.lesson",
  "pk": 1,
  "fields": {
    "name": "Введение в Python",
    "description": "История и применение Python.",
    "course": 1,
    "image": "lessons/python_intro.jpg",
    "video": "lessons/python_intro.mp4",
    "owner": null
  }
},
{
  "model": "materials.lesson",
  "pk": 2,
  "fields": {
    "name": "Переменные и типы данных",
    "description": "Разбор переменных и основных типов данных.",
    "course": 1,
    "image": "lessons/python_vars.jpg",
    "video": "lessons/python_vars.mp4",
    "owner": null
  }
},
{
  "model": "materials.lesson",
  "pk": 3,
  "fields": {
    "name": "Основы Django",
    "description": "Структура проекта Django.",
    "course": 2,
    "image": "lessons/django_basics.jpg",
    "video": "lessons/django_basics.mp4",
    "owner": null
  }
},
{
  "model": "materials.lesson",
  "pk": 4,
  "fields": {
    "name": "Основы SQL",
    "description": "Создание и выполнение SQL-запросов.",
    "course": 3,
    "image": "lessons/sql_basics.jpg",
    "video": "lessons/sql_basics.mp4",
    "owner": null
  }
},
{
  "model": "materials.lesson",
  "pk": 5,
  "fields": {
    "name": "Алгоритмы сортировки",
    "description": "Разбор популярных алгоритмов сортировки.",
    "course": 4,
    "image": "lessons/sorting.jpg",
    "video": "lessons/sorting.mp4",
    "owner": null
  }
}
]
